icd10_category,description,department,prototype_base_severity,source_note
I21,Acute myocardial infarction,Cardiology,95,"ICD terminology based on WHO ICD-10; severity is a Panacea prototype heuristic, not an official WHO score."
I60,Nontraumatic subarachnoid hemorrhage,Neurosurgery,98,"ICD terminology based on WHO ICD-10; severity is a Panacea prototype heuristic, not an official WHO score."
I61,Nontraumatic intracerebral hemorrhage,Neurosurgery,98,"ICD terminology based on WHO ICD-10; severity is a Panacea prototype heuristic, not an official WHO score."
S06,Intracranial injury,Neurosurgery,95,"ICD terminology based on WHO ICD-10; severity is a Panacea prototype heuristic, not an official WHO score."
K35,Acute appendicitis,General Surgery,70,"ICD terminology based on WHO ICD-10; severity is a Panacea prototype heuristic, not an official WHO score."
K56,Intestinal obstruction,General Surgery,85,"ICD terminology based on WHO ICD-10; severity is a Panacea prototype heuristic, not an official WHO score."
A41,Sepsis,Critical Care,98,"ICD terminology based on WHO ICD-10; severity is a Panacea prototype heuristic, not an official WHO score."
J96,Respiratory failure,Critical Care,98,"ICD terminology based on WHO ICD-10; severity is a Panacea prototype heuristic, not an official WHO score."
I71,Aortic aneurysm and dissection,Cardiovascular Surgery,99,"ICD terminology based on WHO ICD-10; severity is a Panacea prototype heuristic, not an official WHO score."
I74,Arterial embolism and thrombosis,Vascular Surgery,92,"ICD terminology based on WHO ICD-10; severity is a Panacea prototype heuristic, not an official WHO score."
K85,Acute pancreatitis,General Surgery,82,"ICD terminology based on WHO ICD-10; severity is a Panacea prototype heuristic, not an official WHO score."
S36,Injury of intra-abdominal organs,Trauma,90,"ICD terminology based on WHO ICD-10; severity is a Panacea prototype heuristic, not an official WHO score."
S27,Injury of thorax,Trauma,88,"ICD terminology based on WHO ICD-10; severity is a Panacea prototype heuristic, not an official WHO score."
S72,Fracture of femur,Orthopedics,76,"ICD terminology based on WHO ICD-10; severity is a Panacea prototype heuristic, not an official WHO score."
O72,Postpartum hemorrhage,Obstetrics,95,"ICD terminology based on WHO ICD-10; severity is a Panacea prototype heuristic, not an official WHO score."
O00,Ectopic pregnancy,Obstetrics,96,"ICD terminology based on WHO ICD-10; severity is a Panacea prototype heuristic, not an official WHO score."
N17,Acute kidney failure,Nephrology,82,"ICD terminology based on WHO ICD-10; severity is a Panacea prototype heuristic, not an official WHO score."
J18,Pneumonia,Pulmonology,78,"ICD terminology based on WHO ICD-10; severity is a Panacea prototype heuristic, not an official WHO score."
C18,Malignant neoplasm of colon,Oncology,72,"ICD terminology based on WHO ICD-10; severity is a Panacea prototype heuristic, not an official WHO score."
C34,Malignant neoplasm of lung,Oncology,74,"ICD terminology based on WHO ICD-10; severity is a Panacea prototype heuristic, not an official WHO score."
C50,Malignant neoplasm of breast,Oncology,65,"ICD terminology based on WHO ICD-10; severity is a Panacea prototype heuristic, not an official WHO score."
N20,Kidney stone,Urology,55,"ICD terminology based on WHO ICD-10; severity is a Panacea prototype heuristic, not an official WHO score."
K80,Cholelithiasis,General Surgery,65,"ICD terminology based on WHO ICD-10; severity is a Panacea prototype heuristic, not an official WHO score."
S32,Fracture of lumbar spine/pelvis,Orthopedics,82,"ICD terminology based on WHO ICD-10; severity is a Panacea prototype heuristic, not an official WHO score."
T79,Certain early complications of trauma,Trauma,92,"ICD terminology based on WHO ICD-10; severity is a Panacea prototype heuristic, not an official WHO score."
G93,Other disorders of brain,Neurology,80,"ICD terminology based on WHO ICD-10; severity is a Panacea prototype heuristic, not an official WHO score."
I20,Angina pectoris,Cardiology,80,"ICD terminology based on WHO ICD-10; severity is a Panacea prototype heuristic, not an official WHO score."
N39,Other urinary-system disorders,Urology,50,"ICD terminology based on WHO ICD-10; severity is a Panacea prototype heuristic, not an official WHO score."
K92,GI hemorrhage group,Gastroenterology,88,"ICD terminology based on WHO ICD-10; severity is a Panacea prototype heuristic, not an official WHO score."
C22,Malignant neoplasm of liver,Oncology,73,"ICD terminology based on WHO ICD-10; severity is a Panacea prototype heuristic, not an official WHO score."
